rank	keyword	synonyms	score	frequency
1	fondazione mach		117.81984045819031	2
2	f.e.m.		117.81984045819031	2
3	fondazione e. mach		117.81984045819031	2
4	fond. e. mach		117.81984045819031	2
