rank	keyword	synonyms	score	frequency
1	fondazione bruno kessler		117.81984045819031	2
2	fondazione mack		44.29215409926345	2
3	fondazione		44.29215409926345	2
