rank	keyword	synonyms	score	frequency
1	fondazione bruno kessler		117.81984045819031	2
2	fondazione kessler		117.81984045819031	2
3	fondazione		117.81984045819031	2
4	fbk		117.81984045819031	2
