rank	keyword	synonyms	score	frequency
1	calcio in tv servizio		156.25000000211247	1
2	papà	papà	62.50000000082094	1
3	addio		56.999206544149374	1
4	biscardi		48.01177980454847	1
5	pagina		31.250000000361926	1
6	processo		31.250000000245088	1
